{
	"IcoMoonType": "selection",
	"icons": [
		{
			"icon": {
				"paths": [
					"M1024 608l-192-192v-288h-128v160l-192-192-512 512v32h128v320h320v-192h128v192h320v-320h128z"
				],
				"attrs": [],
				"tags": [
					"home",
					"house"
				],
				"defaultCode": 57346,
				"grid": 16
			},
			"attrs": [],
			"properties": {
				"id": 52,
				"order": 2,
				"prevSize": 32,
				"code": 59650,
				"ligatures": "home3, house3",
				"name": "home3"
			},
			"setIdx": 0,
			"setId": 0,
			"iconIdx": 2
		}
	],
	"height": 1024,
	"metadata": {
		"name": "icomoon"
	},
	"preferences": {
		"showGlyphs": true,
		"showQuickUse": true,
		"showQuickUse2": true,
		"showSVGs": true,
		"fontPref": {
			"prefix": "icon-",
			"metadata": {
				"fontFamily": "icomoon"
			},
			"metrics": {
				"emSize": 1024,
				"baseline": 6.25,
				"whitespace": 50
			}
		},
		"imagePref": {
			"prefix": "icon-",
			"png": true,
			"useClassSelector": true,
			"color": 4473924,
			"bgColor": 16777215
		},
		"historySize": 100,
		"showCodes": true
	}
}